<?xml version="1.0" encoding="UTF-8"?>
<configuration>
    <property name="LOG_PATH" value="/opt/logs"/>
    <appender name="CONSOLE" class="ch.qos.logback.core.ConsoleAppender">
        <encoder>
            <pattern>%d{yyyy-MM-dd'T'HH:mm:ss.SSSZZ} [%thread] %-5level %logger{5} - %msg%n</pattern>
        </encoder>
    </appender>
    <appender name="APP_LOGGER" class="ch.qos.logback.core.rolling.RollingFileAppender">
<!--         <file>${LOG_PATH}/carsaa.log</file> -->
			<file>D:/logs/carsaa.log</file>
        <rollingPolicy class="ch.qos.logback.core.rolling.TimeBasedRollingPolicy">
            <fileNamePattern>${LOG_PATH}/carsaa.%d{yyyy-MM-dd}.%i.log</fileNamePattern>
            <timeBasedFileNamingAndTriggeringPolicy
                class="ch.qos.logback.core.rolling.SizeAndTimeBasedFNATP">
                <maxFileSize>10MB</maxFileSize>
            </timeBasedFileNamingAndTriggeringPolicy>
            <maxHistory>15</maxHistory>
        </rollingPolicy>
        <encoder>
            <Pattern>%d{yyyy-MM-dd'T'HH:mm:ss.SSSZZ} %-5level %-12X{process} %-30([%thread]) %-29logger - %m%n</Pattern>
        </encoder>
    </appender>
    <logger name="com.carsaa" level="INFO"/>
    <logger name="org.springframework" level="INFO"/>
    <logger name="com.gargoylesoftware.htmlunit" level="OFF"/>
    <logger name="net.sourceforge.htmlunit.corejs.javascript" level="OFF"/>

    <root level="info">
        <appender-ref ref="CONSOLE"/>
        <appender-ref ref="APP_LOGGER"/>
    </root>

    <root name="com.carsaa" level="trace" additivity="false">
        <appender-ref ref="CONSOLE"/>
        <appender-ref ref="APP_LOGGER"/>
    </root>
</configuration>